{"stats":{"minecraft:custom":{"minecraft:jump":76,"minecraft:time_since_rest":3811,"minecraft:damage_dealt":26,"minecraft:walk_on_water_one_cm":78,"minecraft:sprint_one_cm":10271,"minecraft:leave_game":1,"minecraft:play_time":3811,"minecraft:damage_taken":55,"minecraft:time_since_death":3811,"minecraft:walk_one_cm":4589,"minecraft:sneak_time":38,"minecraft:total_world_time":3811,"minecraft:walk_under_water_one_cm":20,"minecraft:swim_one_cm":2658,"minecraft:talked_to_villager":1,"minecraft:fall_one_cm":3530,"minecraft:fly_one_cm":20457}},"DataVersion":3465}