{"stats":{"minecraft:mined":{"minecraft:grass":1,"minecraft:oak_log":5,"minecraft:carrots":1,"minecraft:cobblestone":3,"minecraft:crafting_table":1},"minecraft:used":{"minecraft:crafting_table":2,"minecraft:bread":2,"minecraft:oak_planks":4,"minecraft:wooden_pickaxe":6},"minecraft:crafted":{"minecraft:oak_planks":20,"minecraft:crafting_table":1,"minecraft:stick":4,"minecraft:wooden_pickaxe":1,"minecraft:stone_pickaxe":1},"minecraft:picked_up":{"minecraft:crafting_table":2,"minecraft:oak_log":5,"minecraft:carrot":4,"minecraft:redstone":1,"minecraft:oak_planks":1,"minecraft:cobblestone":3},"minecraft:custom":{"minecraft:time_since_rest":10774,"minecraft:open_chest":4,"minecraft:crouch_one_cm":262,"minecraft:sprint_one_cm":13614,"minecraft:play_time":14750,"minecraft:damage_taken":55,"minecraft:walk_one_cm":27956,"minecraft:sneak_time":112,"minecraft:walk_under_water_one_cm":20,"minecraft:jump":112,"minecraft:damage_dealt":26,"minecraft:walk_on_water_one_cm":78,"minecraft:leave_game":2,"minecraft:time_since_death":14750,"minecraft:sleep_in_bed":1,"minecraft:total_world_time":14750,"minecraft:interact_with_crafting_table":3,"minecraft:swim_one_cm":2658,"minecraft:talked_to_villager":1,"minecraft:fall_one_cm":4157,"minecraft:fly_one_cm":21674}},"DataVersion":3465}