{"stats":{"minecraft:mined":{"minecraft:furnace":2,"minecraft:crafting_table":3,"minecraft:grass":1,"minecraft:oak_log":6,"minecraft:coal_ore":13,"minecraft:stone":27},"minecraft:crafted":{"minecraft:oak_planks":24,"minecraft:cooked_porkchop":6,"minecraft:shield":1,"minecraft:crafting_table":1,"minecraft:stick":20,"minecraft:wooden_pickaxe":1,"minecraft:stone_pickaxe":1,"minecraft:furnace":2,"minecraft:bucket":1,"minecraft:torch":12,"minecraft:stone_axe":1,"minecraft:cooked_mutton":8,"minecraft:air":0},"minecraft:used":{"minecraft:cooked_mutton":2,"minecraft:stone_pickaxe":35,"minecraft:poppy":2,"minecraft:wooden_pickaxe":7,"minecraft:stone_axe":36,"minecraft:cobblestone":4,"minecraft:crafting_table":3,"minecraft:furnace":2,"minecraft:bucket":1,"minecraft:egg":1},"minecraft:picked_up":{"minecraft:crafting_table":2,"minecraft:feather":2,"minecraft:chicken":3,"minecraft:porkchop":10,"minecraft:oak_log":6,"minecraft:cooked_mutton":2,"minecraft:iron_ingot":5,"minecraft:poppy":2,"minecraft:oak_planks":2,"minecraft:black_wool":1,"minecraft:mutton":12,"minecraft:coal":15,"minecraft:furnace":2,"minecraft:white_wool":6,"minecraft:cobblestone":27,"minecraft:egg":1},"minecraft:killed":{"minecraft:sheep":7,"minecraft:pig":4,"minecraft:chicken":3,"minecraft:iron_golem":1},"minecraft:custom":{"minecraft:time_since_rest":11835,"minecraft:interact_with_furnace":13,"minecraft:sprint_one_cm":69444,"minecraft:damage_taken":100,"minecraft:walk_one_cm":50810,"minecraft:mob_kills":15,"minecraft:damage_dealt":2007,"minecraft:interact_with_crafting_table":5,"minecraft:fly_one_cm":40997,"minecraft:crouch_one_cm":409,"minecraft:play_time":21852,"minecraft:sneak_time":381,"minecraft:jump":268,"minecraft:leave_game":1,"minecraft:time_since_death":21852,"minecraft:sleep_in_bed":1,"minecraft:total_world_time":21852,"minecraft:fall_one_cm":7792}},"DataVersion":3465}