{"stats":{"minecraft:used":{"minecraft:pink_petals":4,"minecraft:dirt":1,"minecraft:stone":6,"minecraft:redstone_block":3,"minecraft:crying_obsidian":1,"minecraft:command_block":6,"minecraft:grass_block":1},"minecraft:picked_up":{"minecraft:redstone_block":17,"minecraft:command_block":17,"minecraft:dirt":14},"minecraft:custom":{"minecraft:jump":267,"minecraft:time_since_rest":54331,"minecraft:damage_taken":130,"minecraft:leave_game":4,"minecraft:crouch_one_cm":188,"minecraft:time_since_death":54190,"minecraft:play_time":77440,"minecraft:sprint_one_cm":54183,"minecraft:walk_one_cm":39928,"minecraft:deaths":19,"minecraft:sneak_time":241,"minecraft:total_world_time":78081,"minecraft:fall_one_cm":967,"minecraft:fly_one_cm":162653}},"DataVersion":3465}